market,severity,rowIndex,reasons,price,livingAreaSqft,bedrooms,bathrooms,postalCode,propertyType,propertyTax,ageYears
vancouver,soft,8,zero_baths,770000.0,750.0,2.0,0.0,V6Z1B1,Condo,1879.0,
vancouver,soft,22,zero_beds,758800.0,471.0,0.0,1.0,V6T1W5,Condo,,
vancouver,soft,58,zero_beds,519000.0,450.0,0.0,1.0,V6Z3G4,Condo,1532.0,
vancouver,soft,93,zero_beds,688000.0,738.0,0.0,1.0,V6B6G8,Condo,1929.0,
vancouver,soft,135,zero_beds,538900.0,431.0,0.0,1.0,V6Z2J1,Condo,1400.0,
vancouver,soft,189,zero_baths,1990000.0,1346.0,3.0,0.0,V6P4T5,Duplex,,
vancouver,soft,195,zero_baths,3988000.0,2147.0,5.0,0.0,V5N5J2,Detached,7512.0,
vancouver,soft,214,tax_eq_1_suspicious,3099000.0,2224.0,6.0,6.0,V5K2R2,Detached,1.0,
vancouver,soft,353,zero_beds,668000.0,465.0,0.0,1.0,V6Z0G7,Condo,1983.0,
vancouver,soft,456,zero_beds,535000.0,508.0,0.0,1.0,V6H0A7,Condo,1781.0,
vancouver,soft,496,zero_beds,525000.0,418.0,0.0,1.0,V6B3M7,Condo,1535.0,
vancouver,soft,498,tax_eq_1_suspicious,1699999.0,1565.0,3.0,4.0,V5N3T9,Duplex,1.0,
vancouver,soft,516,tax_eq_1_suspicious,1718000.0,1584.0,3.0,4.0,V5N3T9,Duplex,1.0,
vancouver,soft,548,zero_beds,399000.0,390.0,0.0,1.0,V6B6J3,Condo,1150.0,
vancouver,soft,550,zero_beds,669000.0,610.0,0.0,1.0,V5T0G7,Condo,2122.0,
vancouver,soft,555,zero_beds,715000.0,684.0,0.0,1.0,V6G3K4,Condo,2119.0,
vancouver,soft,556,zero_beds,625000.0,592.0,0.0,1.0,V6E4R2,Condo,2084.0,
vancouver,soft,570,zero_beds,499000.0,446.0,0.0,1.0,V6B0E8,Condo,1413.0,
vancouver,soft,581,zero_beds,399900.0,400.0,0.0,1.0,V6E3W6,Condo,1261.0,
vancouver,soft,667,zero_baths,1998000.0,2212.0,4.0,0.0,V5M3E5,Detached,7269.0,
vancouver,soft,683,zero_beds,549900.0,455.0,0.0,1.0,V5N5C9,Condo,,
vancouver,soft,851,zero_beds,495000.0,396.0,0.0,1.0,V6E4R9,Condo,1368.0,
vancouver,soft,859,zero_beds,468000.0,503.0,0.0,1.0,V5R6H4,Condo,1309.0,
vancouver,soft,863,zero_beds,539900.0,433.0,0.0,1.0,V6B6N6,Condo,1330.0,
vancouver,soft,887,zero_beds,4800000.0,2962.0,0.0,5.0,V5X2L8,Detached,10066.0,
vancouver,soft,907,zero_beds,599900.0,485.0,0.0,1.0,V5T1J9,Condo,1710.0,
vancouver,soft,939,zero_beds,525000.0,473.0,0.0,1.0,V6B0M5,Condo,1615.0,
vancouver,soft,941,zero_beds,2100000.0,2689.0,0.0,3.0,V5L1W3,Detached,7560.0,
vancouver,soft,972,zero_beds,598000.0,539.0,0.0,1.0,V6C3T3,Condo,1722.0,
vancouver,soft,1005,zero_beds,470000.0,397.0,0.0,1.0,V6B2J3,Condo,,
vancouver,soft,1052,zero_beds,535000.0,473.0,0.0,1.0,V6B0M5,Condo,1591.0,
vancouver,soft,1054,zero_beds,498000.0,482.0,0.0,1.0,V6A4G8,Condo,1258.0,
vancouver,soft,1072,zero_beds,524800.0,455.0,0.0,1.0,V5Y0E7,Condo,1538.0,
vancouver,soft,1135,zero_beds,559999.0,471.0,0.0,1.0,V6Z3C2,Condo,1588.0,
vancouver,soft,1142,zero_beds,615000.0,490.0,0.0,1.0,V6B1S3,Condo,1716.0,
vancouver,soft,1181,zero_beds,533900.0,485.0,0.0,1.0,V6E4N1,Condo,,
vancouver,soft,1203,zero_beds,1899000.0,1655.0,0.0,2.0,V5K2B5,Detached,,
vancouver,soft,1207,tax_eq_1_suspicious,1988000.0,1796.0,4.0,4.0,V5M2K1,Duplex,1.0,
vancouver,soft,1219,tax_eq_1_suspicious,1999900.0,1753.0,3.0,4.0,V5M2K1,Duplex,1.0,
vancouver,soft,1227,zero_beds,599000.0,567.0,0.0,1.0,V5T4V6,Condo,1941.0,
vancouver,soft,1267,zero_beds,499900.0,532.0,0.0,1.0,V6B2K7,Condo,,
vancouver,soft,1269,zero_beds,540000.0,496.0,0.0,1.0,V6B0E8,Condo,1648.0,
vancouver,soft,1325,zero_beds,609900.0,465.0,0.0,1.0,V6B0S3,Condo,1862.0,
vancouver,soft,1445,zero_beds,499880.0,511.0,0.0,1.0,V6B1W6,Condo,1564.0,
vancouver,soft,1459,zero_beds,528888.0,491.0,0.0,1.0,V5X0C7,Condo,1680.0,
vancouver,soft,1476,zero_beds,2499000.0,1773.0,0.0,2.0,V5M1W4,Detached,,
vancouver,soft,1490,zero_beds,549900.0,466.0,0.0,1.0,V6Z3G6,Condo,,
vancouver,soft,1500,zero_beds,594900.0,425.0,0.0,1.0,V5N4X6,Condo,,
vancouver,soft,1529,tax_eq_1_suspicious,1159900.0,987.0,3.0,2.0,V5R4V3,Condo,1.0,
vancouver,soft,1530,tax_eq_1_suspicious,899900.0,859.0,2.0,2.0,V5R4V3,Condo,1.0,
vancouver,soft,1531,tax_eq_1_suspicious,649900.0,509.0,1.0,1.0,V5R4V3,Condo,1.0,
vancouver,soft,1532,tax_eq_1_suspicious,1554900.0,1635.0,3.0,2.0,V5R4V3,Townhouse,1.0,
vancouver,soft,1553,zero_beds,558000.0,477.0,0.0,1.0,V5T0K4,Condo,1814.0,
vancouver,soft,1559,zero_beds,555000.0,517.0,0.0,1.0,V5W1S2,Condo,,
vancouver,soft,1561,zero_beds,658000.0,452.0,0.0,1.0,V6Z0G7,Condo,1998.0,
vancouver,soft,1656,zero_beds,650000.0,527.0,0.0,1.0,V5T1R8,Condo,,
vancouver,soft,1661,zero_beds,589000.0,498.0,0.0,1.0,V6B0E8,Condo,,
vancouver,soft,1715,zero_beds,679900.0,515.0,0.0,1.0,V5Z0K7,Condo,,
vancouver,soft,1726,zero_beds,448000.0,470.0,0.0,1.0,V5R6H4,Condo,,
vancouver,soft,1732,zero_beds,519000.0,445.0,0.0,1.0,V6E4R9,Condo,,
vancouver,soft,1757,zero_beds,689900.0,465.0,0.0,1.0,V5Z0K7,Condo,,
vancouver,soft,1809,zero_beds,465000.0,464.0,0.0,1.0,V6E4R9,Condo,1540.0,
vancouver,soft,1870,zero_beds,728800.0,452.0,0.0,1.0,V6Z0G7,Condo,2093.0,
vancouver,soft,1885,zero_beds,589000.0,625.0,0.0,1.0,V6A0B4,Condo,1757.0,
vancouver,soft,1978,zero_beds,499900.0,412.0,0.0,1.0,V6Z2X4,Condo,,
vancouver,soft,2100,zero_beds,589900.0,465.0,0.0,1.0,V5N4X7,Condo,,
vancouver,soft,2127,zero_beds,598000.0,457.0,0.0,1.0,V6B5T1,Condo,,
vancouver,soft,2163,tax_eq_1_suspicious,499800.0,479.0,1.0,1.0,V6A1X6,Condo,1.0,
vancouver,soft,2204,tax_eq_1_suspicious,489800.0,437.0,1.0,1.0,V6A1X6,Condo,1.0,
vancouver,soft,2205,tax_eq_1_suspicious,818800.0,880.0,2.0,2.0,V6A1X6,Condo,1.0,
vancouver,soft,2206,tax_eq_1_suspicious,1588800.0,1175.0,3.0,3.0,V6A1X6,Condo,1.0,
vancouver,soft,2207,tax_eq_1_suspicious,1588800.0,1211.0,3.0,3.0,V6A1X6,Condo,1.0,
vancouver,soft,2230,zero_beds,3303976.0,2288.0,0.0,1.0,V5R2B7,Detached,6873.0,
vancouver,soft,2327,zero_beds,497800.0,447.0,0.0,1.0,V6B0K9,Condo,,
vancouver,soft,2391,zero_beds,399900.0,439.0,0.0,1.0,V5T4J2,Condo,1128.0,
vancouver,soft,2468,zero_beds,2211220.0,1399.0,0.0,1.0,V5R2B7,Detached,5483.0,
vancouver,soft,2541,zero_beds,453900.0,461.0,0.0,1.0,V6Z2C1,Condo,,
vancouver,soft,2543,zero_beds,465000.0,451.0,0.0,1.0,V6Z2B8,Condo,,
vancouver,soft,2576,zero_beds,719000.0,468.0,0.0,1.0,V5Z2Z7,Condo,,
vancouver,soft,2615,zero_beds|zero_baths,5500000.0,5366.0,0.0,0.0,V5Y1W2,Detached,16114.0,
vancouver,soft,2695,zero_beds,525000.0,445.0,0.0,1.0,V6E4R9,Condo,,
vancouver,soft,2706,zero_beds|zero_baths,3000000.0,1756.0,0.0,0.0,V5K1Y3,Detached,,
vancouver,soft,2708,zero_beds|zero_baths,3000000.0,2558.0,0.0,0.0,V5K1Y3,Detached,,
vancouver,soft,2709,zero_beds|zero_baths,3000000.0,1560.0,0.0,0.0,V5K1Y3,Detached,,
vancouver,soft,2962,zero_beds,2680000.0,2100.0,0.0,1.0,V5X1V3,Detached,,
vancouver,soft,2975,zero_beds|zero_baths,3000000.0,1972.0,0.0,0.0,V5M3J8,Detached,,
vancouver,soft,2976,zero_beds|zero_baths,3000000.0,1725.0,0.0,0.0,V5M3J8,Detached,6280.0,
vancouver,soft,3013,zero_beds|zero_baths,3100000.0,2193.0,0.0,0.0,V5R4V2,Detached,,
vancouver,soft,3017,zero_beds|zero_baths,7800000.0,4639.0,0.0,0.0,V5Z3M4,Detached,20415.0,
vancouver,soft,3025,zero_beds,7980000.0,5158.0,0.0,1.0,V5Z3H2,Detached,,
vancouver,soft,3026,zero_beds,7980000.0,2619.0,0.0,1.0,V5Z3H2,Detached,,
vancouver,soft,3027,zero_beds,7980000.0,2567.0,0.0,1.0,V5Z3H2,Detached,,
vancouver,soft,3075,tax_eq_1_suspicious,2625000.0,1651.0,3.0,4.0,V6K2B3,Townhouse,1.0,
vancouver,soft,3185,zero_baths,5188000.0,3784.0,8.0,0.0,V6M1P2,Detached,13749.0,
vancouver,soft,3254,zero_beds,5200000.0,2955.0,0.0,3.0,V6N3Z3,Detached,,
vancouver,soft,3325,zero_beds,529800.0,459.0,0.0,1.0,V6K1R2,Condo,,
vancouver,soft,3359,zero_beds,529900.0,470.0,0.0,1.0,V6K4T3,Condo,,
vancouver,soft,3456,zero_beds|zero_baths,3508000.0,2968.0,0.0,0.0,V6K1M1,Detached,10185.0,
halifax,soft,180,missing_postal,504067.57057123806,1687.0,3.0,3.0,,Detached,,22.0
halifax,soft,381,missing_postal,751167.7282377919,3039.0,3.0,3.0,,Detached,,11.0
halifax,soft,434,missing_postal,762986.9214437366,2034.0,4.0,3.0,,Detached,,5.0
halifax,soft,504,missing_postal,252441.6135881104,2294.0,5.0,2.0,,Detached,,32.0
halifax,soft,531,missing_postal,220424.62845010616,828.0,3.0,1.0,,Detached,,
halifax,soft,717,missing_postal,725000.0,1005.0,2.0,1.0,,Detached,,14.0
halifax,soft,767,zero_baths,406000.0,462.0,3.0,0.0,B0J3H0,Detached,,
halifax,soft,832,missing_postal,208800.0,759.0,1.0,1.0,,Detached,,2.0
halifax,soft,943,missing_postal,497142.8571428571,2088.0,2.0,1.0,,Detached,,33.0
halifax,soft,1003,missing_postal,342476.1904761905,5056.0,5.0,6.0,,Detached,,3.0
halifax,soft,1046,age_gt_150,365871.73333333334,1260.0,3.0,2.0,B3K1N5,Detached,,156.0
halifax,soft,1218,age_gt_150,1002019.0476190476,2220.0,3.0,2.0,B2Y1R4,Detached,,161.0
halifax,soft,1273,missing_postal,198857.14285714287,1020.0,3.0,1.0,,Detached,,
halifax,soft,1462,missing_postal,1098028.380952381,1368.0,3.0,2.0,,Detached,,27.0
halifax,soft,2250,zero_baths,111580.95238095238,720.0,3.0,0.0,B0J2L0,Detached,,
halifax,soft,2401,zero_baths,197087.37864077667,540.0,3.0,0.0,B0J1W0,Detached,,64.0
halifax,soft,2852,missing_postal,450485.4368932039,1176.0,3.0,2.0,,Detached,,29.0
halifax,soft,3039,missing_postal,415983.6065573771,1142.0,3.0,1.0,,Detached,,53.0
halifax,soft,3105,zero_baths,231762.29508196723,440.0,3.0,0.0,B0J3H0,Detached,,64.0
halifax,soft,3435,missing_postal,237704.9180327869,2165.0,3.0,3.0,,Detached,,28.0
halifax,soft,3609,zero_baths,120519.48051948052,696.0,3.0,0.0,B0J1T0,Detached,,
halifax,soft,3889,missing_postal,294603.1746031746,1400.0,2.0,3.0,,Detached,,3.0
halifax,soft,4089,zero_baths,398941.7989417989,520.0,3.0,0.0,B3E1C8,Detached,,
halifax,soft,4323,zero_baths,552994.708994709,1714.0,3.0,0.0,B4E0H4,Townhouse,,12.0
halifax,soft,4539,missing_postal,777446.8085106383,1350.0,3.0,2.0,,Detached,,6.0
halifax,soft,4817,missing_postal,352658.44256647746,3240.0,3.0,2.0,,Detached,,2.0
halifax,soft,4841,age_gt_150,410986.97923480114,1350.0,3.0,1.0,B3V1G6,Detached,,177.0
halifax,soft,4868,zero_baths,164394.79169392044,630.0,3.0,0.0,B0J1N0,Detached,,49.0
halifax,soft,5160,zero_baths,124077.4414375869,990.0,3.0,0.0,B0J2L0,Detached,,
halifax,soft,5303,zero_baths,186116.16215638036,546.0,3.0,0.0,B3T1Y6,Detached,,76.0
halifax,soft,5522,zero_baths|missing_postal,190652.2855675398,400.0,3.0,0.0,,Detached,,
halifax,soft,5722,missing_postal,409687.1846619576,1856.0,4.0,2.0,,Detached,,
halifax,soft,5816,missing_postal,292633.7033299697,788.0,3.0,1.0,,Detached,,
halifax,soft,5928,missing_postal,918517.1102661598,2484.0,4.0,4.0,,Detached,,5.0
halifax,soft,5968,missing_postal,330798.4790874525,1144.0,2.0,1.0,,Detached,,10.0
halifax,soft,6084,zero_baths,1323193.91634981,300.0,1.0,0.0,B3E1N8,Detached,,17.0
halifax,soft,6176,missing_postal,231558.93536121675,3390.0,3.0,3.0,,Detached,,21.0
halifax,soft,6520,missing_postal,404676.8060836502,1977.0,4.0,2.0,,Detached,,48.0
halifax,soft,6614,age_gt_150,926125.4752851712,3052.0,4.0,3.0,B3L2J1,Detached,,166.0
halifax,soft,6701,age_gt_150,678136.8821292777,1612.0,3.0,2.0,B3K3R9,Duplex,,162.0
halifax,soft,6889,missing_postal,346888.427184466,1300.0,1.0,1.0,,Detached,,38.0
halifax,soft,7139,zero_baths,197087.37864077667,520.0,3.0,0.0,B0N2M0,Detached,,48.0
halifax,soft,7205,zero_baths|missing_postal,129514.56310679612,620.0,2.0,0.0,,Detached,,30.0
halifax,soft,7277,zero_beds|zero_baths|missing_postal,123883.49514563108,300.0,0.0,0.0,,Detached,,4.0
halifax,soft,7510,missing_postal,202533.9693365566,794.0,3.0,1.0,,Detached,,
halifax,soft,7542,zero_baths,416525.57465272414,600.0,3.0,0.0,B0J2L0,Detached,,64.0
halifax,soft,7773,missing_postal,1292077.734090279,2718.0,3.0,3.0,,Detached,,6.0
halifax,soft,7781,zero_baths,148856.88180763583,683.0,2.0,0.0,B0J1W0,Detached,,
halifax,soft,7836,age_gt_150,196491.08398607932,936.0,1.0,1.0,B3Z1S4,Detached,,201.0
halifax,soft,8254,zero_baths,726421.5832212629,1008.0,3.0,0.0,B0N1Y0,Detached,,
halifax,soft,8292,age_gt_150,962800.0,2845.0,8.0,4.0,B3L2X7,Detached,,171.0
halifax,soft,8364,missing_postal,510399.99999999994,1084.0,2.0,1.0,,Detached,,75.0
halifax,soft,8558,missing_postal,516934.04634581105,1680.0,3.0,2.0,,Detached,,15.0
halifax,soft,8652,age_gt_150,1292335.1158645276,2280.0,5.0,4.0,B3K4K6,Detached,,176.0
halifax,soft,8662,zero_baths,166567.63715587245,1637.0,3.0,0.0,B3Z2Y2,Detached,,2.0
halifax,soft,8678,missing_postal,643295.7021192315,3500.0,3.0,3.0,,Detached,,25.0
halifax,soft,8693,age_gt_150,402059.8138245197,754.0,2.0,1.0,B3K4C1,Townhouse,,176.0
halifax,soft,8804,missing_postal,900970.8737864078,3591.0,3.0,4.0,,Detached,,11.0
halifax,soft,8805,zero_baths,209475.7281553398,1296.0,3.0,0.0,B3V1K5,Detached,,
halifax,soft,8808,missing_postal,365906.7961165048,899.0,2.0,1.0,,Detached,,54.0
halifax,soft,8811,missing_postal,675615.5339805825,2225.0,3.0,3.0,,Detached,,3.0
halifax,soft,8832,zero_baths,534951.4563106796,897.0,4.0,0.0,B0J1N0,Detached,,
halifax,soft,9072,missing_postal,139961.38996138997,480.0,1.0,1.0,,Detached,,34.0
halifax,soft,9132,age_gt_150,279922.77992277994,2502.0,3.0,2.0,B3K3W8,Detached,,156.0
halifax,soft,9162,missing_postal,492452.8301886792,1798.0,3.0,2.0,,Detached,,21.0
halifax,soft,9223,missing_postal,229811.320754717,1382.0,3.0,1.0,,Detached,,
halifax,soft,9321,missing_postal,464000.0,1238.0,3.0,1.0,,Detached,,48.0
halifax,soft,9357,age_gt_150,744150.9433962264,1700.0,4.0,2.0,B3H2X7,Duplex,,156.0
halifax,soft,9364,age_466_impossible|age_gt_150,109433.96226415092,851.0,2.0,1.0,B0N1V0,Detached,,466.0
halifax,soft,9497,missing_postal,1279370.5569742562,4524.0,3.0,4.0,,Detached,,21.0
halifax,soft,9546,zero_baths,373616.7667425863,352.0,3.0,0.0,B3E1L4,Detached,,
halifax,soft,9837,missing_postal,230505.97976080957,1440.0,3.0,1.0,,Detached,,
halifax,soft,9951,missing_postal,693652.2539098436,2310.0,4.0,3.0,,Detached,,2.0
halifax,soft,10164,zero_baths|missing_postal,629622.8150873965,1080.0,3.0,0.0,,Detached,,44.0
halifax,soft,10204,missing_postal,213431.4627414903,1260.0,4.0,1.0,,Detached,,
halifax,soft,10489,age_gt_150,1314841.628959276,3716.0,4.0,3.0,B2R1Y2,Detached,,191.0
halifax,soft,10579,age_gt_150,1574660.6334841629,2854.0,4.0,3.0,B3J2J2,Townhouse,,166.0
halifax,soft,10709,missing_postal,858190.0452488688,2848.0,2.0,3.0,,Detached,,19.0
halifax,soft,10737,missing_postal,519638.0090497738,1652.0,4.0,2.0,,Detached,,27.0
halifax,soft,10848,missing_postal,614117.6470588236,1452.0,3.0,2.0,,Detached,,5.0
halifax,soft,11037,missing_postal,466099.54751131224,1320.0,3.0,1.0,,Detached,,70.0
halifax,soft,11082,missing_postal,472398.1900452489,2319.0,3.0,2.0,,Detached,,50.0
halifax,soft,11447,missing_postal,543023.679417122,1866.0,2.0,1.0,,Detached,,17.0
halifax,soft,11519,zero_baths,380327.868852459,755.0,3.0,0.0,B0N2M0,Detached,,53.0
halifax,soft,11628,zero_baths,116211.29326047358,720.0,3.0,0.0,B0N2M0,Detached,,48.0
halifax,soft,11753,zero_baths,137340.6193078324,528.0,1.0,0.0,B3Z3E9,Detached,,
halifax,soft,12005,missing_postal,660291.4389799635,3540.0,4.0,3.0,,Detached,,7.0
halifax,soft,12161,missing_postal,121493.6247723133,1865.0,2.0,2.0,,Detached,,33.0
halifax,soft,12191,missing_postal,949763.2058287796,2048.0,1.0,2.0,,Detached,,90.0
halifax,soft,12328,missing_postal,665573.7704918033,2780.0,5.0,3.0,,Detached,,53.0
halifax,soft,12392,zero_baths,198934.57943925232,300.0,3.0,0.0,B0J1W0,Detached,,36.0
halifax,soft,12394,zero_baths,119252.33644859811,529.0,3.0,0.0,B0J2L0,Detached,,41.0
halifax,soft,12428,zero_baths,102990.65420560748,528.0,3.0,0.0,B0J1W0,Detached,,53.0
halifax,soft,12593,missing_postal,379439.2523364486,810.0,3.0,1.0,,Detached,,
halifax,soft,12777,zero_baths,146987.04711845316,644.0,3.0,0.0,B0J2L0,Detached,,
halifax,soft,12969,zero_baths,130093.45794392524,624.0,3.0,0.0,B0J2L0,Detached,,
halifax,soft,13087,missing_postal,271028.03738317755,1139.0,3.0,1.0,,Detached,,
halifax,soft,13120,zero_baths,648545.4545454545,1574.0,4.0,0.0,B4G1C3,Detached,,47.0
halifax,soft,13149,age_gt_150,179272.72727272726,771.0,3.0,1.0,B3T1Y2,Detached,,163.0
halifax,soft,13380,missing_postal,110956.52173913045,1825.0,4.0,2.0,,Detached,,64.0
halifax,soft,13398,zero_baths|missing_postal,161391.30434782608,800.0,1.0,0.0,,Detached,,
halifax,soft,13514,zero_baths,191652.17391304343,528.0,3.0,0.0,B0J1T0,Detached,,81.0
halifax,soft,13618,missing_postal,1160000.0,3298.0,3.0,2.0,,Detached,,64.0
halifax,soft,13769,missing_postal,776695.652173913,2579.0,3.0,3.0,,Detached,,46.0
halifax,soft,14008,missing_postal,201739.1304347826,1008.0,3.0,1.0,,Detached,,
halifax,soft,14120,zero_baths,211826.08695652173,936.0,3.0,0.0,B0J1W0,Detached,,
halifax,soft,14389,zero_baths,302608.6956521739,345.0,2.0,0.0,B3Z2T2,Detached,,76.0
halifax,soft,14414,age_gt_150,946156.5217391304,1773.0,4.0,2.0,B3H1T1,Detached,,210.0
halifax,soft,14439,zero_baths,158869.5652173913,400.0,3.0,0.0,B0J1N0,Detached,,44.0
halifax,soft,14456,zero_baths,110956.52173913045,990.0,4.0,0.0,B3E1E5,Detached,,
halifax,soft,14502,missing_postal,790297.0072765367,2152.0,4.0,2.0,,Detached,,23.0
halifax,soft,14722,zero_baths,461861.88736940455,420.0,3.0,0.0,B0J2L0,Detached,,54.0
halifax,soft,14744,age_gt_150,795428.8060250856,1942.0,3.0,2.0,B3J1C2,Detached,,158.0
halifax,soft,15114,age_gt_150,1369614.035087719,2260.0,4.0,4.0,B3H3V4,Detached,,176.0
halifax,soft,15325,age_gt_150,1058245.614035088,1780.0,4.0,2.0,B3J2J8,Duplex,,156.0
halifax,soft,15384,missing_postal,549473.6842105263,899.0,3.0,1.0,,Detached,,
halifax,soft,15415,missing_postal,905614.0350877192,2570.0,4.0,4.0,,Detached,,5.0
halifax,soft,15444,missing_postal,134315.7894736842,725.0,3.0,1.0,,Detached,,
halifax,soft,15519,missing_postal,3866666.666666667,5773.0,3.0,5.0,,Detached,,19.0
halifax,soft,15565,zero_baths,152631.57894736843,1102.0,3.0,0.0,B2Z1R1,Detached,,
halifax,soft,15706,missing_postal,440019.5438596491,725.0,3.0,1.0,,Detached,,
halifax,soft,15740,missing_postal,407017.5438596491,1591.0,3.0,3.0,,Detached,,51.0
halifax,soft,15908,age_gt_150,419228.0701754386,1453.0,3.0,1.0,B2Y3P6,Detached,,176.0
halifax,soft,15919,missing_postal,1016526.3157894736,2761.0,4.0,4.0,,Detached,,9.0
halifax,soft,16151,zero_baths,203508.77192982455,750.0,3.0,0.0,B0J1N0,Detached,,49.0
halifax,soft,16210,zero_baths|missing_postal,203407.0175438597,412.0,1.0,0.0,,Detached,,19.0
halifax,soft,16322,missing_postal,533392.8571428572,1486.0,3.0,2.0,,Detached,,1.0
halifax,soft,16382,missing_postal,890714.2857142858,3514.0,7.0,3.0,,Detached,,27.0
halifax,soft,16543,age_gt_150,1346428.5714285716,3036.0,4.0,3.0,B3K2Y8,Detached,,156.0
halifax,soft,16552,zero_baths,134642.85714285716,460.0,3.0,0.0,B0J3H0,Detached,,53.0
halifax,soft,16583,age_gt_150,890714.2857142858,3007.0,6.0,3.0,B3H2S8,Duplex,,154.0
halifax,soft,16804,missing_postal,673214.2857142858,2158.0,3.0,1.0,,Detached,,48.0
halifax,soft,16819,zero_baths,238214.28571428577,672.0,3.0,0.0,B0J2L0,Detached,,
halifax,soft,16838,zero_baths,362500.00000000006,656.0,3.0,0.0,B3V1K9,Detached,,
halifax,soft,16948,zero_baths,321071.4285714286,1013.0,3.0,0.0,B0J2L0,Detached,,
halifax,soft,17350,age_gt_150,1334873.8330714484,3360.0,4.0,5.0,B3H1S3,Detached,,166.0
halifax,soft,17374,zero_baths,166189.111747851,480.0,3.0,0.0,B3V1L6,Detached,,
halifax,soft,17423,age_gt_150,278768.83260929846,2452.0,5.0,2.0,B2Y1N5,Detached,,179.0
halifax,soft,17573,zero_baths,428875.1270912285,300.0,1.0,0.0,B3T0G2,Detached,,65.0
halifax,soft,17640,missing_postal,443725.2173913043,844.0,3.0,1.0,,Detached,,36.0
halifax,soft,17762,zero_baths,352034.7826086956,464.0,3.0,0.0,B0J1Y0,Detached,,
halifax,soft,17818,missing_postal,300000.0,819.0,3.0,1.0,,Detached,,
halifax,soft,17843,zero_baths,645000.0,2285.0,3.0,0.0,B2T1E8,Detached,,39.0
