price,logPrice,pricePerSqft,propertyType,postalCode,postalFsa,submarketCluster,livingAreaSqft,bedrooms,bathrooms,latitude,longitude,lat_x_lon,lat_sq,lon_sq,propertyTax,ageYears,h3Cell,assessedValue,salePrice,saleDate,timeAdjustmentFactor,bedroomsImputed,price_to_assessed
390362.3027339409,12.87483056823877,84.38441477171226,Detached,B4B2G4,B4B,cluster-02,4626.0,5.0,5,44.700896,-63.711575,-2847.9644880712003,1998.170103202816,4059.1647889806254,,4.0,882b0e9745fffff,1842800,302800.0,2022-01-10,1.2891753723049566,False,0.21183107376489085
100555.6790397866,11.518466873365067,103.45234469113848,Detached,B3Z1B6,B3Z,cluster-07,972.0,2.0,1,44.662945,-63.796815,-2849.353639520175,1994.778656073025,4070.033604144225,,4.0,882b0e956bfffff,1041200,78000.0,2022-01-14,1.2891753723049566,False,0.09657671824797022
106356.96821515892,11.57455634001611,39.715074016116105,Detached,B3Z0R7,B3Z,cluster-07,2678.0,3.0,3,44.731803,-63.872476,-2857.131013554228,2000.934199630809,4079.693190370576,,2.0,882b0e9181fffff,825300,82500.0,2022-01-14,1.2891753723049566,False,0.12887067516679865
148255.16781507002,11.906690175038726,64.79683908001311,Detached,B2Y2J6,B2Y,cluster-11,2288.0,4.0,2,44.663838,-63.54519,-2838.17207183922,1994.858424890244,4037.9911721361,,3.0,882b0c5b27fffff,689800,115000.0,2022-01-14,1.2891753723049566,False,0.21492485911143813
180355.63458546344,12.102685928346911,68.57628691462489,Detached,B3R0B9,B3R,cluster-04,2630.0,3.0,4,44.573229,-63.572303,-2833.622819676387,1986.7727434864407,4041.437708723809,,3.0,882b0c5987fffff,677300,139900.0,2022-01-18,1.2891753723049566,False,0.2662861871924752
162436.09691042453,11.998039953626954,82.70677032099009,Detached,B2Z0C6,B2Z,cluster-01,1964.0,3.0,2,44.695205,-63.407088,-2833.9927966130404,1997.6613499920252,4020.458808639744,,2.0,882b0125d7fffff,687600,126000.0,2022-01-27,1.2891753723049566,False,0.23623632476792397
171460.32451655922,12.052107174897229,87.83828100233566,Detached,B3T2K3,B3T,cluster-10,1952.0,3.0,2,44.483013,-63.787082,-2837.4415978380657,1978.738445558169,4068.791830074724,,3.0,882b0e86e3fffff,969600,133000.0,2022-01-27,1.2891753723049566,False,0.1768361432720289
1289175.372304957,14.069513325657612,158.12282255672227,Detached,B4A2E9,B4A,cluster-02,8153.0,5.0,5,44.720994,-63.670673,-2847.415785208962,1999.9673043480357,4053.954600272929,,4.0,882b012da9fffff,4461600,1000000.0,2022-01-28,1.2891753723049566,False,0.28894911518400507
163709.80217826183,12.0058506404808,77.5875839707402,Detached,B3T0K4,B3T,cluster-02,2110.0,3.0,4,44.642047,-63.717501,-2844.479674364547,1992.912360350209,4059.9199336850006,,6.0,882b0e946bfffff,722100,126988.0,2022-01-31,1.2891753723049566,False,0.22671347760457253
193376.30584574348,12.17239334077173,87.65925015672869,Detached,B2T1G3,B2T,cluster-06,2206.0,3.0,3,44.791811,-63.647051,-2850.866679099361,2006.3063326597212,4050.947100996601,,4.0,882b012d45fffff,761900,150000.0,2022-01-31,1.2891753723049566,False,0.2538079877224616
101844.85441209158,11.531205899142495,67.53637560483526,Detached,B0J2L0,B0J,cluster-03,1508.0,3.0,2,44.728219,-62.922607,-2814.4161459469333,2000.6135749119612,3959.2544716764487,,3.0,882b0cc06dfffff,562800,79000.0,2022-01-31,1.2891753723049566,False,0.18096100641807317
147770.70063694267,11.90341703128823,79.96250034466594,Detached,B0J1T0,B0J,cluster-07,1848.0,3.0,3,44.634541,-64.035601,-2858.199658294141,1992.242250280681,4100.558195431201,,2.0,882b0e8133fffff,823000,120000.0,2022-02-01,1.2314225053078556,False,0.179551276594098
116985.13800424628,11.669802180106725,47.47773457964541,Detached,B3Z0T3,B3Z,cluster-07,2464.0,4.0,3,44.712307,-63.841021,-2854.479330145447,1999.1903972622492,4075.6759623224407,,3.0,882b0e90a5fffff,807100,95000.0,2022-02-01,1.2314225053078556,False,0.14494503531687064
114522.29299363056,11.64852478165944,63.097682090154585,Detached,B3Z1B8,B3Z,cluster-07,1815.0,4.0,3,44.670625,-63.821783,-2850.958935224375,1995.4647378906252,4073.21998529909,,2.0,882b0e9565fffff,659900,93000.0,2022-02-11,1.2314225053078556,False,0.17354492043283914
283227.1762208068,12.55400459742938,78.49977167982449,Detached,B3J1A4,B3J,cluster-04,3608.0,3.0,4,44.639643,-63.571056,-2837.789244973008,1992.6977271674489,4041.279160955136,,,882b0c590dfffff,950800,230000.0,2022-02-14,1.2314225053078556,True,0.29788302084645224
105286.62420382166,11.564441664448898,43.39926801476573,Detached,B2Z1J3,B2Z,cluster-01,2426.0,3.0,2,44.701263,-63.453003,-2836.429375242789,1998.2029137951688,4026.28358971801,,2.0,882b0125abfffff,721100,85500.0,2022-02-16,1.2314225053078556,False,0.14600835418641195
190870.4883227176,12.15935040542543,75.3237917611356,Detached,B2T1J1,B2T,cluster-06,2534.0,4.0,3,44.828612,-63.614999,-2851.772107551388,2009.604453846544,4046.868097770001,,3.0,882b0128dbfffff,681800,155000.0,2022-02-22,1.2314225053078556,False,0.2799508482292719
120229.93630573248,11.697161324198644,43.2793147248857,Detached,B3Z0A8,B3Z,cluster-07,2778.0,3.0,3,44.724524,-63.889089,-2857.409094318636,2000.283047026576,4081.815693249921,,3.0,882b0e9187fffff,799900,97635.0,2022-02-23,1.2314225053078556,False,0.15030620865824787
110704.88322717622,11.614623229983758,119.81047968309116,Detached,B2X2E8,B2X,cluster-11,924.0,3.0,3,44.713021,-63.545871,-2841.3278644862908,1999.2542469464408,4038.0777211486406,,4.0,882b012cc9fffff,540900,89900.0,2022-02-25,1.2314225053078556,False,0.20466792979696102
110828.025477707,11.61573495883645,41.75886415889488,Detached,B3Z0P8,B3Z,cluster-07,2654.0,4.0,4,44.723788,-63.891078,-2857.451027563464,2000.217213068944,4082.069848002084,,3.0,882b0e91bdfffff,1060100,90000.0,2022-02-28,1.2314225053078556,False,0.10454487829233751
260999.99999999997,12.47227568630483,43.05509732761465,Detached,B4B1X9,B4B,cluster-06,6062.0,3.0,4,44.763038,-63.767634,-2854.4330239120923,2003.7295709894445,4066.311145957956,,3.0,882b0e9051fffff,1611300,225000.0,2022-03-07,1.16,False,0.16198100912306831
192560.0,12.168163072456954,67.47021723896286,Detached,B3Z1H5,B3Z,cluster-07,2854.0,3.0,3,44.710888,-63.871359,-2855.7451786567917,1999.063505748544,4079.550500506881,,3.0,882b0e9195fffff,781500,166000.0,2022-03-07,1.16,False,0.24639795265515035
231999.99999999997,12.354492650648448,43.95604395604395,Detached,B2V2P9,B2V,cluster-01,5278.0,5.0,4,44.651293,-63.474682,-2834.2266240638264,1993.7379665718493,4029.035255001125,,4.0,882b0c5b19fffff,1009300,200000.0,2022-03-09,1.16,False,0.22986228078866539
533466.6,13.18715174232834,55.29297263681592,Detached,B4B0H4,B4B,cluster-06,9648.0,6.0,3,44.770804,-63.757411,-2854.4705514284437,2004.424890806416,4065.0074574229207,,3.0,882b0e9233fffff,2482500,459885.0,2022-03-10,1.16,False,0.2148908761329305
193430.0,12.172670968896144,54.06092789267747,Detached,B2T0M5,B2T,cluster-06,3578.0,6.0,3,44.822499,-63.645661,-2852.757576526839,2009.056416605001,4050.770164126921,,4.0,882b01289dfffff,1272700,166750.0,2022-03-15,1.16,False,0.15198397108509468
197200.0,12.191973721150672,41.04912572855953,Detached,B4B0H3,B4B,cluster-06,4804.0,4.0,3,44.772762,-63.760029,-2854.712603530098,2004.600217108644,4065.341298080841,,3.0,882b0e9237fffff,1469300,170000.0,2022-03-16,1.16,False,0.13421357108827334
191400.0,12.162120758000992,51.729729729729726,Detached,B2Z1K1,B2Z,cluster-08,3700.0,5.0,4,44.694342,-63.387102,-2833.0448151768837,1997.584206812964,4017.924699958404,,3.0,882b0125dbfffff,878500,165000.0,2022-03-17,1.16,False,0.21787137165623222
348000.0,12.759957758756611,113.61410381978452,Detached,B3Z0W1,B3Z,cluster-07,3063.0,3.0,4,44.652226,-63.969931,-2856.399816216406,1993.821286755076,4092.1520721447614,,3.0,882b0e802dfffff,1676000,300000.0,2022-03-21,1.16,False,0.20763723150357996
203000.0,12.220961258023925,74.19590643274854,Detached,B0J2R0,B0J,cluster-05,2736.0,3.0,3,44.896205,-62.418949,-2802.373930188545,2015.6692234020252,3896.125194264601,,2.0,882b2a60e1fffff,794200,175000.0,2022-03-22,1.16,False,0.2556031226391337
191400.0,12.162120758000992,67.58474576271186,Detached,B4B0H3,B4B,cluster-06,2832.0,4.0,3,44.770772,-63.759533,-2854.563514769476,2004.422025475984,4065.278048378089,,4.0,882b0e9059fffff,1130600,165000.0,2022-03-24,1.16,False,0.16929064213691844
254039.99999999997,12.44524701391691,80.01259842519684,Detached,B3T0L2,B3T,cluster-02,3175.0,4.0,4,44.639325,-63.724468,-2844.6172375041,1992.669336455625,4060.807821883024,,4.0,882b0e946bfffff,960200,219000.0,2022-03-24,1.16,False,0.2645698812747344
191400.0,12.162120758000992,70.00731528895392,Detached,B4B0H3,B4B,cluster-06,2734.0,3.0,3,44.770305,-63.760144,-2854.56109372392,2004.380209793025,4065.355962900735,,4.0,882b0e9059fffff,1136300,165000.0,2022-03-24,1.16,False,0.16844143272023232
257850.6,12.46013562641066,71.03322314049586,Detached,B3T0L2,B3T,cluster-02,3630.0,4.0,4,44.640467,-63.724302,-2844.682600529034,1992.771293978089,4060.786665387204,,4.0,882b0e946bfffff,988000,222285.0,2022-03-25,1.16,False,0.2609823886639676
203000.0,12.220961258023925,48.79807692307692,Detached,B3E0B1,B3E,cluster-08,4160.0,3.0,3,44.750994,-63.329359,-2834.051764632846,2002.651463988036,4010.60771135088,,3.0,882b01244bfffff,1256900,175000.0,2022-03-31,1.16,False,0.16150847322778264
110476.19047619047,11.61255530591907,80.99427454266164,Detached,B2Y2X2,B2Y,cluster-11,1364.0,4.0,1,44.670773,-63.565585,-2839.523818147205,1995.4779604175287,4040.583596392225,,86.0,882b012c91fffff,480100,100000.0,2022-04-01,1.1047619047619048,False,0.2301107904107279
185489.52380952385,12.130753684014474,53.133636152828366,Detached,B2V0B1,B2V,cluster-01,3491.0,3.0,3,44.646529,-63.464329,-2833.462005164041,1993.312551747841,4027.721055420241,,4.0,882b0c5a25fffff,927000,167900.0,2022-04-01,1.1047619047619048,False,0.20009657368880673
196923.80952380953,12.190572179225384,91.25292378304428,Detached,B3Z0P8,B3Z,cluster-07,2158.0,4.0,4,44.722396,-63.88965,-2857.2982276014004,2000.0927039808164,4081.8873771225,,1.0,882b0e91bdfffff,826200,178250.0,2022-04-07,1.1047619047619048,False,0.23834883747737778
342476.1904761905,12.74395741741017,67.73658830620856,Detached,,,cluster-07,5056.0,5.0,6,44.668043,-63.976626,-2857.710681162918,1995.234065449849,4093.008674343877,,3.0,882b0e8159fffff,2181900,310000.0,2022-04-12,1.1047619047619048,False,0.1569623678794585
254095.2380952381,12.445464428854171,64.3279083785413,Detached,B2T0M4,B2T,cluster-06,3950.0,4.0,4,44.819554,-63.642268,-2852.418067308472,2008.792420758916,4050.338276183824,,3.0,882b012899fffff,1247300,230000.0,2022-04-13,1.1047619047619048,False,0.20371621750600347
110255.2380952381,11.610553303248397,41.30956841335261,Detached,B0J2L0,B0J,cluster-03,2669.0,2.0,3,44.720303,-63.082756,-2821.0799623950684,1999.905500411809,3979.4341045555366,,2.0,882b0ccae5fffff,905900,99800.0,2022-04-21,1.1047619047619048,False,0.12170795683324662
193140.0,12.171170593520907,88.35315645013723,Detached,B2T1J1,B2T,cluster-06,2186.0,3.0,3,44.817695,-63.614989,-2851.077174430355,2008.6257851130251,4046.866825470121,,1.0,882b012f2dfffff,768400,174825.0,2022-04-28,1.1047619047619048,False,0.2513534617386778
353523.8095238095,12.77570611572475,130.692720711205,Detached,B3P0G5,B3P,cluster-04,2705.0,4.0,5,44.624515,-63.593601,-2837.833601728515,1991.3473389852252,4044.1460881472008,,3.0,882b0c593dfffff,1233600,320000.0,2022-04-29,1.1047619047619048,False,0.28657896362176516
254095.2380952381,12.445464428854171,88.44247758274908,Detached,B3T0L2,B3T,cluster-02,2873.0,3.0,4,44.641403,-63.72384,-2844.72162214752,1992.8548618084087,4060.7277843456,,4.0,882b0e946bfffff,1076700,230000.0,2022-04-29,1.1047619047619048,False,0.23599446279858652
101638.09523809524,11.52917369698002,44.383447702225,Detached,B3Z2N4,B3Z,cluster-07,2290.0,3.0,3,44.659444,-63.899178,-2853.701761537032,1994.465938389136,4083.104949075684,,2.0,882b0e8235fffff,696500,92000.0,2022-05-05,1.1047619047619048,False,0.14592691347895942
220952.38095238095,12.305702486479015,94.10237689624402,Detached,B4B0H3,B4B,cluster-06,2348.0,3.0,2,44.771697,-63.760632,-2854.671696432504,2004.5048522598092,4065.418193039424,,3.0,882b0e9237fffff,827800,200000.0,2022-05-10,1.1047619047619048,False,0.2669151738975368
116989.86666666668,11.669842600342449,56.92937550689376,Detached,B2V2N1,B2V,cluster-01,2055.0,3.0,1,44.666731,-63.501234,-2836.392537246054,1995.1168582263608,4032.406719522756,,37.0,882b0c5b01fffff,449900,105896.0,2022-05-13,1.1047619047619048,True,0.26003526709639185
104952.38095238096,11.56126201153152,89.24522189828313,Detached,B3A4H1,B3A,cluster-04,1176.0,4.0,2,44.678993,-63.592995,-2841.270978454035,1996.2124154940489,4044.0690130700254,,1.0,882b012cbdfffff,424000,95000.0,2022-05-17,1.1047619047619048,False,0.24752920035938905
183942.85714285716,12.122380429351477,66.86399750739992,Detached,B3Z1A8,B3Z,cluster-02,2751.0,3.0,3,44.662521,-63.783401,-2848.727486613921,1994.7407820754408,4068.322243126801,,2.0,882b0e9547fffff,913800,166500.0,2022-05-20,1.1047619047619048,False,0.2012944376700122
154556.19047619047,11.948313001602411,159.9960563935719,Detached,B2Z0C6,B2Z,cluster-01,966.0,1.0,1,44.696775,-63.409082,-2834.18147111055,1997.8016954006252,4020.711680082724,,3.0,882b0125d7fffff,625100,139900.0,2022-05-20,1.1047619047619048,False,0.24725034470675167
174552.38095238098,12.069980152957946,80.81128747795415,Duplex,B2T1E6,B2T,cluster-06,2160.0,4.0,4,44.809375,-63.618981,-2850.726776746875,2007.8800878906252,4047.374743478361,,3.0,882b012f21fffff,940800,158000.0,2022-05-20,1.1047619047619048,False,0.18553611920958862
104952.38095238096,11.56126201153152,59.972789115646265,Detached,B4C1T7,B4C,cluster-06,1750.0,4.0,2,44.766975,-63.66617,-2850.14184073575,2004.0820506506252,4053.3812024689,,54.0,882b012d07fffff,435200,95000.0,2022-05-27,1.1047619047619048,False,0.2411589635854342
138095.2380952381,11.83569885723328,124.8600706105227,Detached,B3L3G1,B3L,cluster-04,1106.0,3.0,1,44.641611,-63.611077,-2839.700954725047,1992.8734326753208,4046.369117099929,,106.0,882b0c5925fffff,619100,125000.0,2022-05-31,1.1047619047619048,False,0.22305804893432096
220952.38095238095,12.305702486479015,167.00860238275206,Detached,B4B0N6,B4B,cluster-02,1323.0,2.0,1,44.713075,-63.770283,-2851.365446550225,1999.2590759556251,4066.648993900089,,4.0,882b0e90ddfffff,1438400,200000.0,2022-06-03,1.1047619047619048,False,0.15360983102918585
182285.7142857143,12.11333059383156,85.02132196162047,Detached,B3T2E3,B3T,cluster-10,2144.0,3.0,2,44.558412,-63.736747,-2840.008232365764,1985.4520799617435,4062.372918142009,,3.0,882b0e94bdfffff,711800,165000.0,2022-06-28,1.1047619047619048,False,0.2560911973668366
194834.95145631063,12.179908076356645,92.03351509509244,Detached,B0J2L0,B0J,cluster-08,2117.0,3.0,3,44.824204,-63.20455,-2833.0936429282,2009.209264233616,3994.8151407025,,3.0,882b0134c5fffff,662900,173000.0,2022-07-12,1.1262135922330097,False,0.29391303583694467
259029.12621359224,12.46469579078206,66.6055865810214,Detached,B3T0L2,B3T,cluster-02,3889.0,5.0,5,44.640595,-63.724246,-2844.6882573663697,1992.7827219540247,4060.779528268516,,3.0,882b0e946bfffff,1161100,230000.0,2022-07-14,1.1262135922330097,False,0.2230894205611853
225242.7184466019,12.324933848406902,76.92715793941323,Detached,B3Z0E3,B3Z,cluster-07,2928.0,3.0,3,44.675213,-63.828199,-2851.538385731387,1995.8746565953688,4074.038987583601,,14.0,882b0e8259fffff,807600,200000.0,2022-07-14,1.1262135922330097,False,0.27890381184571805
101359.22330097089,11.526426152189131,20.1750046379321,Detached,B2T0T8,B2T,cluster-06,5024.0,4.0,5,44.812601,-63.628813,-2851.372609072613,2008.169208385201,4048.625843788969,,4.0,882b012f25fffff,1972700,90000.0,2022-07-19,1.1262135922330097,False,0.051380961778765596
154508.19672131148,11.948002427125038,94.67414014786245,Detached,B3Z1E2,B3Z,cluster-07,1632.0,3.0,3,44.685792,-63.8689,-2854.0323806688,1996.820006667264,4079.236387209999,,3.0,882b0e826bfffff,524300,130000.0,2022-08-09,1.1885245901639343,False,0.2946942527585571
160450.81967213115,11.985742755107884,97.71669894770471,Detached,B0J2L0,B0J,cluster-08,1642.0,2.0,2,44.81965,-63.198596,-2832.5389532114004,2008.8010261225,3994.062536371216,,2.0,882b0134c1fffff,649300,135000.0,2022-08-11,1.1885245901639343,False,0.24711353715097975
151536.88524590165,11.928584341267936,25.088888285745305,Detached,B4B2G5,B4B,cluster-02,6040.0,5.0,6,44.699965,-63.712423,-2847.943078165195,1998.0868710012248,4059.272844530929,,4.0,882b0e9745fffff,2190100,127500.0,2022-08-22,1.1885245901639343,False,0.0691917653284789
140325.53278688525,11.851720236609786,63.78433308494784,Detached,B3V1P3,B3V,cluster-04,2200.0,3.0,3,44.51657,-63.545775,-2828.83994099175,1981.7250045649,4038.065520350625,,9.0,882b0c4a0bfffff,680600,118067.0,2022-08-22,1.1885245901639343,False,0.20617915484408647
140130.4103896104,11.850328770794889,48.979521282632085,Detached,B3N1W9,B3N,cluster-04,2861.0,5.0,2,44.636432,-63.631013,-2840.261384865616,1992.411061690624,4048.9058154061695,,,882b0e9611fffff,680300,116272.0,2022-09-07,1.2051948051948052,False,0.20598325795915096
148238.96103896105,11.906580852293024,50.38713835450749,Detached,B3Z1G8,B3Z,cluster-07,2942.0,3.0,3,44.693709,-63.837238,-2853.122938535742,1997.5276241766808,4075.192955468644,,3.0,882b0e8249fffff,864700,123000.0,2022-09-08,1.2051948051948052,False,0.1714339783034128
144623.37662337662,11.881888239702654,51.595924589146136,Detached,B3Z1N9,B3Z,cluster-07,2803.0,5.0,4,44.709785,-63.862177,-2855.2642033019447,1998.9648747462247,4078.3776511793294,,3.0,882b0e9191fffff,712800,120000.0,2022-09-15,1.2051948051948052,False,0.2028947483492938
100031.16883116883,11.513237104717206,54.188065455671094,Detached,B3E0B4,B3E,cluster-08,1846.0,3.0,2,44.744026,-63.335585,-2833.8890619652097,2002.027862688676,4011.396327292225,,2.0,882b012443fffff,805400,83000.0,2022-09-27,1.2051948051948052,False,0.12420060694210186
102441.55844155845,11.537047753410924,25.94770983828734,Detached,B2T0C6,B2T,cluster-06,3948.0,3.0,4,44.864744,-63.594927,-2853.170119553688,2012.845254185536,4044.314740135329,,4.0,882b012a81fffff,1133400,85000.0,2022-09-27,1.2051948051948052,False,0.09038429366645355
181984.4155844156,12.111676333735533,76.08044129783259,Detached,B4C3C7,B4C,cluster-06,2392.0,3.0,2,44.757664,-63.685111,-2850.3967999407037,2003.248486736896,4055.793363082321,,3.0,882b012d35fffff,1085200,151000.0,2022-09-29,1.2051948051948052,False,0.16769666014044932
110476.19047619047,11.61255530591907,33.56918580254952,Detached,B0J1N0,B0J,cluster-08,3291.0,2.0,2,44.722517,-63.269683,-2829.5794735521113,2000.1035268152891,4003.052786920489,,1.0,882b0126c7fffff,825800,90000.0,2022-10-12,1.2275132275132274,False,0.13378080706731713
107407.4074074074,11.584384428952374,53.676865271068166,Detached,B2X2G7,B2X,cluster-11,2001.0,4.0,2,44.729092,-63.544551,-2842.290067777692,2000.691671144464,4037.909961791601,,46.0,882b012ea5fffff,576800,87500.0,2022-10-14,1.2275132275132274,False,0.18621256485334153
202539.68253968252,12.218691109489384,32.44788249594401,Detached,B3Z0S8,B3Z,cluster-07,6242.0,4.0,4,44.729108,-63.893437,-2857.8964440641957,2000.6931024756636,4082.3712916729687,,2.0,882b0e91abfffff,1931200,165000.0,2022-10-21,1.2275132275132274,False,0.10487763180389525
159576.71957671957,11.980280086044386,94.76052231396648,Detached,B2Z1N5,B2Z,cluster-08,1684.0,2.0,1,44.676196,-63.31726,-2828.77431794296,1995.962489030416,4009.0754139076,,3.0,882b0124d1fffff,658700,130000.0,2022-10-26,1.2275132275132274,False,0.24226008740962435
101883.59788359787,11.531586243385403,58.38601597913918,Detached,B0J2L0,B0J,cluster-03,1745.0,3.0,2,44.733072,-63.169434,-2825.762839321248,2001.047730557184,3990.377391880356,,1.0,882b0cc82dfffff,620100,83000.0,2022-10-27,1.2275132275132274,False,0.1643018833794515
169396.82539682538,12.03999932074601,64.65527686901733,Detached,B4B2J8,B4B,cluster-02,2620.0,4.0,4,44.703559,-63.715455,-2848.307601804345,1998.4081872664808,4059.659205857025,,4.0,882b0e9745fffff,853700,138000.0,2022-11-10,1.2275132275132274,False,0.19842664331360593
2356825.396825397,14.672826100610632,1520.5325140809011,Detached,B3L1W1,B3L,cluster-04,1550.0,4.0,2,44.654635,-63.604029,-2840.2146995244148,1994.0364269832248,4045.4725050328407,,88.0,882b0e965bfffff,711000,1920000.0,2022-11-30,1.2275132275132274,False,3.314803652356395
233670.75691373853,12.361668381819117,141.61864055378092,Detached,B0J2L0,B0J,cluster-03,1650.0,3.0,3,44.7521,-63.166112,-2826.8161608352,2002.75045441,3989.957705196544,,3.0,882b0ccb37fffff,894400,184782.0,2023-01-03,1.264575320722465,False,0.26125979082484185
632287.6603612325,13.357099728375069,134.98882586704366,Detached,B3Z1W1,B3Z,cluster-07,4684.0,3.0,3,44.659351,-63.942305,-2855.621842744055,1994.457631741201,4088.6183687130247,,3.0,882b0e806bfffff,2257100,500000.0,2023-01-05,1.264575320722465,False,0.2801327634403582
135941.846977665,11.819982477520592,80.43896270867752,Detached,B2Z1R5,B2Z,cluster-08,1690.0,2.0,2,44.668876,-63.381324,-2831.172502471824,1995.3084831033757,4017.192231992976,,3.0,882b0124a3fffff,652000,107500.0,2023-01-26,1.264575320722465,False,0.2084997653031672
505830.128288986,13.133956177060858,100.20406661826188,Detached,B4B0X4,B4B,cluster-02,5048.0,5.0,4,44.707244,-63.701408,-2847.914390599552,1998.7376660755365,4057.869381182464,,3.0,882b0e974dfffff,1785900,400000.0,2023-01-26,1.264575320722465,False,0.28323541535863483
252915.064144493,12.440808996500913,79.63320659461367,Detached,B2X0C1,B2X,cluster-11,3176.0,4.0,4,44.704807,-63.551767,-2841.069478243969,1998.5197689072493,4038.8270888222887,,3.0,882b012cc3fffff,896100,200000.0,2023-02-06,1.264575320722465,False,0.2822397769718703
126457.5320722465,11.747661815940967,57.901800399380264,Duplex,B2Y2K3,B2Y,cluster-11,2184.0,6.0,2,44.661749,-63.551349,-2838.314397649401,1994.671823739001,4038.773959719801,,62.0,882b0c594dfffff,606900,100000.0,2023-02-21,1.264575320722465,False,0.2083663405375622
107615.35979348178,11.586318665532204,40.15498499756783,Detached,B2W1E5,B2W,cluster-11,2680.0,6.0,3,44.636588,-63.524742,-2835.527736460296,1992.4249882817444,4035.3928461665646,,2.0,882b0c5959fffff,653400,85100.0,2023-02-23,1.264575320722465,False,0.1647005812572418
105465.82522194886,11.566142247875591,52.68023237859584,Detached,B4G1E6,B4G,cluster-06,2002.0,2.0,2,44.887362,-63.702095,-2859.4189984233903,2014.8752673190445,4057.9569073890248,,2.0,882b012823fffff,624500,85000.0,2023-03-15,1.240774414375869,False,0.16888042469487408
111669.6972938282,11.623300661715543,65.38038483245211,Detached,B3R1B6,B3R,cluster-04,1708.0,3.0,3,44.589336,-63.591671,-2835.510385020456,1988.2088849208965,4043.9006205722408,,2.0,882b0c59e7fffff,580000,90000.0,2023-03-24,1.240774414375869,False,0.19253396085142793
328184.83260241733,12.701332242683632,66.541936861804,Detached,B3T0L2,B3T,cluster-02,4932.0,4.0,4,44.640877,-63.724123,-2844.700736775871,1992.8078993291292,4060.763852119129,,4.0,882b0e946bfffff,1258400,264500.0,2023-03-31,1.240774414375869,False,0.26079532152131063
116178.73651771956,11.662885116274094,65.89831906847394,Detached,B3V1B7,B3V,cluster-10,1763.0,2.0,2,44.539547,-63.628575,-2833.987906755525,1983.771246965209,4048.595556530625,,3.0,882b0c4b0bfffff,591900,97500.0,2023-04-27,1.1915767847971237,False,0.19628102131731637
116475.43913713405,11.665435706904413,66.2545160051957,Detached,B3Z1N3,B3Z,cluster-07,1758.0,3.0,1,44.715966,-63.866984,-2855.873885066544,1999.517615313156,4078.991645256256,,28.0,882b0e919dfffff,514200,97749.0,2023-04-28,1.1915767847971237,False,0.22651777350667843
181432.89606458123,12.108641145671806,40.051411934786145,Detached,B4G1B7,B4G,cluster-06,4530.0,5.0,5,44.813995,-63.685554,-2854.00409852823,2008.2941478600249,4055.849788286917,,3.0,882b0128b1fffff,1101100,155000.0,2023-05-05,1.170534813319879,False,0.16477422220014643
280928.355196771,12.545854952094553,110.16798243010626,Detached,B3N1M4,B3N,cluster-04,2550.0,3.0,3,44.639213,-63.617952,-2839.855309951776,1992.6593372593688,4047.243816674305,,3.0,882b0c5925fffff,1032300,240000.0,2023-05-16,1.170534813319879,False,0.2721382884789024
105348.1331987891,11.565025699082824,45.09765975975561,Detached,B3Z1E2,B3Z,cluster-07,2336.0,4.0,3,44.685032,-63.867271,-2853.911048387672,1996.752084841024,4079.0283049874415,,2.0,882b0e820dfffff,813700,90000.0,2023-05-18,1.170534813319879,False,0.12946802654392173
132319.391634981,11.792973912566936,75.09613600169183,Detached,B0J2L0,B0J,cluster-03,1762.0,3.0,2,44.772376,-63.147988,-2827.285462379488,2004.565652685376,3987.668388448144,,30.0,882b0ccb07fffff,467400,120000.0,2023-06-01,1.102661596958175,False,0.2830966872806611
159885.93155893538,11.982215912205469,61.04846565824184,Detached,B3V1K2,B3V,cluster-04,2619.0,3.0,3,44.517993,-63.537428,-2828.558774942004,1981.8517007480489,4037.004756855184,,3.0,882b0c4a55fffff,834200,145000.0,2023-06-06,1.102661596958175,False,0.1916637875316895
126806.08365019012,11.750414298148142,32.47274869403076,Detached,B3T0L2,B3T,cluster-02,3905.0,4.0,3,44.641513,-63.722923,-2844.687695502499,1992.8646829291692,4060.610915663929,,3.0,882b0e946bfffff,1087300,115000.0,2023-06-14,1.102661596958175,False,0.11662474353921652
198368.82129277568,12.19788331074138,80.57222635774805,Detached,B2T0K3,B2T,cluster-06,2462.0,3.0,3,44.804607,-63.644288,-2851.557311634816,2007.452808424449,4050.595395026945,,2.0,882b012893fffff,902500,179900.0,2023-06-23,1.102661596958175,False,0.21979924796983455
123498.0988593156,11.723981041079988,88.84755313619827,Detached,B0J2L0,B0J,cluster-03,1390.0,2.0,2,44.71934,-63.071452,-2820.51370628168,1999.8193700356003,3978.008057388304,,1.0,882b0ccaedfffff,541400,112000.0,2023-06-29,1.102661596958175,False,0.22810878991377098
132319.391634981,11.792973912566936,72.03015331245564,Detached,B3R2G9,B3R,cluster-04,1837.0,4.0,2,44.596508,-63.633296,-2837.822794130368,1988.848525794064,4049.196359823616,,67.0,882b0e968bfffff,506100,120000.0,2023-07-07,1.102661596958175,False,0.2614491041987374
121292.77566539924,11.705962535577308,27.171320713575103,Detached,B3T1Y9,B3T,cluster-10,4464.0,2.0,3,44.449969,-63.726797,-2832.654151119293,1975.799744100961,4061.1046558792086,,2.0,882b0c49abfffff,2019400,110000.0,2023-07-17,1.102661596958175,False,0.06006376927077312
157680.60836501903,11.9683268000448,67.47137713522423,Detached,B3K4T1,B3K,cluster-04,2337.0,5.0,3,44.667345,-63.614048,-2841.47062886256,1995.1717093490247,4046.747102946304,,77.0,882b0e965dfffff,706700,143000.0,2023-07-31,1.102661596958175,False,0.22312241172353053
123883.49514563108,11.727096847651282,67.2548833581059,Detached,B2Z1K4,B2Z,cluster-08,1842.0,2.0,2,44.6887,-63.364781,-2831.6896886747,1997.07990769,4015.095471177961,,3.0,882b0124e3fffff,638500,110000.0,2023-08-01,1.1262135922330097,False,0.19402270187256238
308484.5436893204,12.63942701957917,53.10458662236536,Detached,B4B0H4,B4B,cluster-06,5809.0,5.0,5,44.768205,-63.761872,-2854.50455687976,2004.192178922025,4065.576320944383,,2.0,882b0e9059fffff,1587400,273913.0,2023-08-08,1.1262135922330097,False,0.1943332138650122
